ID,X1,Y1,X2,Y2,X3,Y3,X4,Y4,X5,Y5,X6,Y6,Left_to_right,Right_to_left,Measured_speed
1,30,458,96,459,158,461,216,464,275,469,334,474,0,1,29.42403355
2,31,478,100,479,173,482,237,485,306,488,374,493,0,1,34.34604142
3,30,496,94,498,155,499,217,502,281,506,342,512,0,1,30.86265843
4,31,475,90,475,151,478,210,479,271,484,331,487,0,1,30.17588977
5,30,524,101,526,168,529,226,533,290,537,350,541,0,1,31.65615917
6,31,478,93,479,151,480,209,482,265,487,320,490,0,1,26.60448376
7,31,477,88,479,147,482,204,485,258,489,313,494,0,1,26.14603583
8,31,443,94,445,156,450,213,457,272,462,330,470,0,1,26.11279786
9,30,474,101,475,160,478,218,481,273,484,322,488,0,1,24.79023195
10,30,509,105,509,179,509,254,511,330,515,399,518,0,1,35.46234824
11,30,515,101,514,163,513,225,514,286,514,347,517,0,1,31.50180522
12,31,497,100,499,166,501,229,504,290,507,353,512,0,1,31.58356488
13,31,502,96,501,159,500,222,499,285,500,346,501,0,1,31.90775178
14,31,507,99,507,167,508,233,513,296,511,360,517,0,1,32.49943136
15,30,481,106,484,175,486,242,490,304,493,364,499,0,1,29.80701513
16,31,500,103,502,168,504,235,507,301,509,359,513,0,1,30.40295078
17,31,477,117,482,189,486,261,491,321,496,382,506,0,1,29.91952801
18,30,466,117,470,185,475,257,479,323,485,383,494,0,1,30.49810133
19,31,513,115,512,192,510,272,511,350,515,429,519,0,1,41.00281223
20,31,516,106,517,184,519,260,522,337,527,416,532,0,1,38.81129889
21,31,500,106,500,178,503,252,505,316,506,392,514,0,1,35.4712476
22,30,514,102,515,168,517,234,518,302,523,363,527,0,1,35.07565182
23,30,510,117,509,194,508,274,509,349,513,426,516,0,1,37.07170627
24,30,525,108,523,193,524,272,526,352,529,421,532,0,1,36.94721165
25,31,518,119,518,194,519,274,519,346,522,419,525,0,1,35.64627012
26,31,477,111,479,190,483,264,487,328,493,400,500,0,1,32.76956691
27,31,515,108,514,176,514,247,515,312,518,382,522,0,1,34.42530037
28,31,513,111,513,192,517,270,519,349,525,421,530,0,1,39.41355876
29,31,514,122,516,206,516,288,517,373,519,450,523,0,1,42.10394328
30,30,519,111,517,186,516,265,512,338,516,409,519,0,1,37.90273719
31,30,511,123,515,209,520,291,526,371,532,450,540,0,1,40.48931992
32,30,515,116,518,191,519,261,520,337,525,409,531,0,1,36.6136835
33,30,510,111,510,181,511,254,513,317,516,386,521,0,1,35.03875842
34,31,518,117,520,200,521,286,523,366,528,441,531,0,1,38.35707629
35,30,496,112,499,195,504,276,509,362,517,440,524,0,1,39.81464937
36,30,480,90,482,152,485,208,487,266,491,330,496,0,1,28.96310308
37,31,462,96,468,158,469,218,476,274,482,330,490,0,1,27.59204715
38,30,457,85,460,146,463,205,467,265,473,327,479,0,1,28.94998625
39,31,491,98,492,161,497,223,501,285,504,342,512,0,1,30.70261899
40,31,479,95,483,158,488,219,492,283,497,345,506,0,1,30.32900215
41,30,465,92,471,154,475,213,481,270,487,325,496,0,1,27.48452966
42,30,412,86,419,137,425,192,432,245,439,301,449,0,1,24.36920109
43,29,459,89,463,151,466,212,472,266,480,325,485,0,1,26.48076098
44,30,483,99,487,169,492,238,499,301,504,371,511,0,1,29.17913257
45,30,491,100,494,162,496,224,499,285,503,334,510,0,1,30.94563081
46,31,496,91,498,161,501,229,503,292,507,361,514,0,1,33.7453343
47,30,533,115,536,192,538,269,540,345,545,424,550,0,1,38.58426999
48,31,475,98,479,170,485,236,491,307,498,373,507,0,1,33.24887274
49,30,512,90,515,149,516,207,518,269,523,328,528,0,1,31.26904705
50,30,520,100,522,169,523,232,525,310,529,374,534,0,1,33.54715056
51,31,500,93,503,161,506,226,509,290,515,352,520,0,1,31.23861039
52,30,468,104,474,171,481,239,487,299,495,362,505,0,1,30.9281573
53,30,484,95,487,161,490,222,495,284,499,340,504,0,1,26.80535649
54,30,487,97,487,158,487,217,490,269,492,323,497,0,1,25.82926463
55,30,523,120,523,196,522,273,525,357,528,436,531,0,1,39.71523741
56,30,518,123,519,208,520,291,522,374,525,453,530,0,1,41.73781757
57,30,513,128,511,211,511,288,510,376,513,457,517,0,1,40.20030249
58,31,498,109,499,185,502,260,505,327,508,400,515,0,1,34.33434314
59,30,501,99,504,173,508,251,513,322,517,395,525,0,1,33.74301939
60,31,529,107,530,184,529,251,533,320,533,382,537,0,1,32.35038886
61,30,510,116,511,199,514,275,514,360,519,438,525,0,1,40.86547594
62,32,518,118,521,202,523,280,528,359,532,441,536,0,1,40.77994715
63,30,507,113,509,188,511,261,514,333,519,410,523,0,1,37.74468983
64,30,533,113,535,188,538,263,541,343,543,411,548,0,1,38.69678841
65,30,504,101,505,181,509,256,511,334,518,410,523,0,1,37.51460512
66,30,504,119,507,203,511,284,515,362,521,432,528,0,1,36.89842389
67,29,529,129,533,212,534,294,538,377,542,459,548,0,1,40.66407357
68,31,524,123,526,199,529,279,533,357,543,426,548,0,1,35.85789976
69,31,520,119,521,197,523,277,526,347,531,421,536,0,1,35.91028874
70,30,494,113,497,199,503,286,507,371,515,447,523,0,1,40.12191814
71,31,485,98,489,163,494,225,499,287,504,348,512,0,1,30.36794671
72,30,466,92,468,151,472,210,476,266,481,322,487,0,1,28.41507724
73,30,466,94,469,156,474,218,478,273,482,339,492,0,1,29.75945774
74,30,472,100,475,164,479,231,482,290,487,352,493,0,1,30.61542819
75,30,479,92,481,158,485,216,490,275,494,336,502,0,1,28.34964848
76,31,448,98,454,161,461,226,469,284,478,343,487,0,1,27.73769692
77,31,476,100,477,163,480,219,486,276,489,335,496,0,1,27.39608173
78,29,481,96,481,156,486,212,488,266,493,320,498,0,1,25.58724768
79,31,495,103,499,171,505,247,511,314,518,384,526,0,1,35.13685474
80,30,489,96,491,160,494,223,499,286,504,347,511,0,1,31.38076053
81,32,484,109,487,174,492,246,499,311,504,374,512,0,1,32.88865503
82,30,520,98,520,160,519,221,519,281,523,344,525,0,1,31.47905027
83,30,501,101,502,165,506,235,511,297,516,363,521,0,1,33.58075064
84,30,478,93,481,151,484,215,488,273,493,343,500,0,1,30.90974261
85,30,517,111,517,178,519,248,521,317,524,384,530,0,1,33.44578723
86,30,484,108,487,175,490,242,495,308,502,370,506,0,1,30.34073485
87,31,456,94,459,157,465,220,471,281,478,336,484,0,1,27.82319713
88,32,486,96,491,166,494,235,496,302,503,369,510,0,1,33.14828615
89,30,483,110,487,186,492,265,498,351,505,430,514,0,1,38.84923638
90,30,520,121,521,203,522,276,523,363,528,436,534,0,1,39.48745286
91,31,515,102,515,176,517,243,519,319,523,385,527,0,1,36.25957681
92,32,526,119,524,193,526,287,528,359,529,437,534,0,1,39.29090865
93,30,527,126,528,212,526,296,530,376,533,451,540,0,1,39.40327158
94,30,495,112,498,182,501,252,506,313,512,382,518,0,1,31.57483966
95,31,498,112,503,189,507,259,509,328,514,387,520,0,1,33.74544013
96,31,493,104,499,173,500,239,505,307,512,368,518,0,1,30.45558671
97,31,509,111,511,183,514,262,517,330,522,399,529,0,1,35.60429793
98,30,514,111,516,194,519,273,522,354,526,433,531,0,1,39.52052164
99,31,510,123,513,203,516,279,522,359,526,435,534,0,1,38.69985736
100,31,516,98,516,164,518,234,518,300,524,370,527,0,1,33.05996811
101,31,513,91,513,155,514,218,516,282,520,344,524,0,1,32.30598591
102,30,514,117,517,193,523,272,527,344,535,413,541,0,1,37.53548481
103,31,495,116,497,200,500,279,504,359,511,428,517,0,1,36.85836555
104,31,518,132,521,233,524,323,529,404,533,481,541,0,1,41.72020955
105,30,504,153,495,261,491,377,487,485,485,579,484,0,1,54.29071181
106,30,497,144,489,259,483,377,478,484,476,597,475,0,1,56.87511844
107,31,479,142,477,252,476,370,481,472,485,572,490,0,1,52.43264491
108,31,480,148,479,256,480,367,483,475,486,576,490,0,1,54.77211376
109,31,483,152,478,269,473,382,474,497,475,595,477,0,1,56.64291596
110,30,473,162,471,279,473,384,474,484,476,574,479,0,1,54.65063557
111,30,501,154,492,262,487,364,484,457,483,547,482,0,1,53.82194565
112,30,480,155,475,280,472,398,468,510,471,619,469,0,1,57.91089378
113,30,482,162,479,286,481,402,482,520,484,631,485,0,1,57.38571998
114,30,470,143,466,264,466,381,465,478,466,592,467,0,1,54.49168409
115,30,486,140,479,256,476,359,474,470,470,566,469,0,1,51.84096121
116,31,447,143,444,254,445,365,444,472,443,572,446,0,1,51.50938953
117,30,494,161,497,284,500,397,505,512,511,621,515,0,1,55.6436942
118,30,467,153,463,272,464,392,464,490,466,593,470,0,1,55.04439503
119,31,479,155,479,273,478,378,478,467,481,556,480,0,1,54.03215019
120,30,457,143,455,243,453,345,455,433,461,517,460,0,1,46.46795064
121,29,526,95,525,159,524,224,524,284,524,347,527,1,0,32.33836381
122,29,537,98,537,168,536,232,536,297,537,367,538,1,0,32.32297261
123,29,552,102,549,175,548,245,547,318,548,388,550,1,0,36.2280842
124,30,557,87,554,141,552,200,549,256,550,312,549,1,0,29.1159364
125,30,499,89,495,147,496,209,500,268,498,324,504,1,0,29.39927138
126,29,515,89,513,149,513,212,511,273,512,334,514,1,0,30.15517685
127,29,523,96,520,160,519,223,518,283,517,344,519,1,0,27.74053098
128,29,548,103,545,177,543,245,542,313,542,376,543,1,0,31.42205468
129,29,496,98,493,169,491,233,492,295,492,358,495,1,0,27.45761518
130,30,510,103,506,180,504,256,503,323,502,389,506,1,0,30.79915217
131,30,555,110,550,192,550,272,547,351,549,433,551,1,0,41.64556516
132,30,536,98,533,163,531,228,529,293,529,361,529,1,0,34.12537451
133,30,554,105,550,184,545,264,544,345,544,423,541,1,0,40.3807232
134,29,557,95,555,156,551,219,547,285,546,350,547,1,0,33.1262467
135,30,562,99,559,168,558,238,555,305,553,372,554,1,0,35.57799577
136,30,539,117,538,197,537,276,536,354,538,427,540,1,0,35.48851687
137,30,526,100,523,171,522,244,522,310,523,378,527,1,0,32.06262831
138,30,517,107,517,180,517,249,519,315,518,377,523,1,0,28.93502774
139,30,518,109,520,191,518,266,521,336,525,400,527,1,0,31.3524624
140,30,553,104,550,179,546,254,545,330,546,406,545,1,0,37.50370994
141,29,555,122,551,210,550,288,549,371,552,455,553,1,0,40.629821
142,30,559,119,554,200,552,285,550,364,550,445,547,1,0,40.90705559
143,29,560,112,554,189,553,270,550,352,549,427,549,1,0,40.3483615
144,30,531,113,528,192,524,266,523,337,524,405,523,1,0,32.48116028
145,32,547,121,547,212,546,295,546,373,548,449,552,1,0,35.78739907
146,28,497,132,486,244,476,356,468,462,462,571,458,1,0,55.53881914
147,29,509,139,497,248,485,356,475,465,466,575,459,1,0,57.75208162
148,30,511,145,497,256,486,366,477,479,471,583,467,1,0,55.18615628
149,30,526,139,509,246,501,355,487,458,480,567,473,1,0,55.27913667
150,29,547,151,528,264,515,371,501,481,490,591,479,1,0,57.61433802
151,29,530,132,517,238,505,343,493,439,487,540,479,1,0,50.85459935
152,31,546,161,529,282,517,396,506,506,497,612,491,1,0,59.03149321
153,30,531,143,521,256,513,359,502,454,495,546,492,1,0,49.41995233
154,30,505,149,496,276,491,395,489,505,486,607,488,1,0,52.03103889
155,31,493,86,492,138,491,194,491,248,492,301,494,1,0,28.21670431
156,30,505,93,503,155,503,220,505,279,505,344,508,1,0,30.77346845
157,29,504,87,503,147,503,207,505,265,506,325,510,1,0,29.89301449
158,30,512,92,506,147,505,196,502,252,501,305,503,1,0,28.20803153
159,30,499,87,499,150,500,209,500,266,501,328,503,1,0,30.43230374
160,29,512,98,510,163,509,228,508,290,509,352,512,1,0,27.78573611
161,29,548,101,542,166,539,228,537,291,535,352,532,1,0,27.4043497
162,30,484,93,484,157,481,216,482,273,481,331,485,1,0,25.61800242
163,30,541,106,537,183,535,256,536,329,536,399,536,1,0,38.1986098
164,30,534,96,530,160,529,231,528,296,526,362,528,1,0,34.45350176
165,29,565,90,556,159,552,223,550,290,545,357,544,1,0,34.68845351
166,30,554,102,552,175,550,245,549,315,549,380,551,1,0,35.57028794
167,30,538,94,536,162,534,228,534,296,533,363,534,1,0,33.61514398
168,29,541,104,537,172,536,241,535,309,535,374,537,1,0,30.06662814
169,29,521,108,520,182,517,248,516,312,520,377,520,1,0,29.42192391
170,29,532,104,527,175,524,237,523,303,518,365,518,1,0,28.50964087
171,30,562,119,553,205,550,282,549,359,547,432,547,1,0,35.03040682
172,29,570,117,564,205,558,289,557,378,552,467,554,1,0,44.97654841
173,31,548,121,545,215,539,303,540,387,537,480,538,1,0,44.63799585
174,29,552,114,545,195,540,282,536,364,533,444,531,1,0,43.34806035
175,29,529,97,525,158,524,216,522,275,521,337,521,1,0,27.12084873
176,30,537,120,532,200,529,282,530,362,527,441,531,1,0,41.39171368
177,28,536,119,536,198,537,272,538,348,542,420,549,1,0,34.45751731
178,30,547,127,545,217,541,304,545,385,544,464,548,1,0,37.73756112
179,29,571,123,565,218,564,306,562,387,564,466,564,1,0,39.28595212
180,28,564,120,560,209,558,291,558,371,557,449,557,1,0,37.25307131
181,30,540,142,524,257,508,367,496,475,485,585,474,1,0,56.85082901
182,30,552,156,534,270,517,393,504,495,493,608,484,1,0,56.78086446
183,30,524,150,508,275,497,393,487,511,479,627,473,1,0,59.24060705
184,29,538,134,526,235,517,339,508,441,500,539,494,1,0,54.51092841
185,29,548,139,536,244,525,345,517,450,511,548,505,1,0,52.505079
186,31,538,141,528,249,519,361,513,467,506,574,505,1,0,53.52835861
187,30,533,170,521,285,514,401,509,515,502,618,500,1,0,52.65250411
188,30,543,148,533,270,523,386,516,501,513,604,508,1,0,53.28542008
189,30,557,154,544,276,532,390,523,494,516,596,510,1,0,52.10274849
190,28,521,151,514,269,510,376,506,479,506,578,505,1,0,49.45836003
191,30,499,90,495,154,495,213,494,272,496,336,496,1,0,30.65615537
192,29,524,99,524,167,528,232,530,298,535,363,540,1,0,31.44699359
193,30,527,99,527,163,526,229,528,289,532,350,536,1,0,30.66171964
194,29,535,85,534,149,533,208,533,265,533,323,535,1,0,29.35382468
195,29,511,110,509,182,511,246,511,312,514,376,518,1,0,29.1663549
196,29,493,98,491,160,490,218,492,277,494,332,496,1,0,26.04451181
197,29,529,105,528,187,527,260,526,334,530,403,534,1,0,32.83426844
198,30,513,107,511,174,510,241,512,310,514,374,517,1,0,30.19173966
199,31,506,109,506,188,509,263,512,332,516,399,520,1,0,31.36274867
200,29,524,108,525,181,524,250,525,318,530,380,533,1,0,29.46065521
201,30,541,111,540,192,541,271,544,348,545,427,549,1,0,39.332557
202,29,545,103,546,179,547,256,549,331,553,404,557,1,0,37.60896578
203,30,551,110,551,186,555,264,554,340,556,415,560,1,0,37.06015665
204,29,540,104,536,183,535,254,534,331,535,404,537,1,0,37.37016646
205,27,542,114,541,200,541,283,544,369,548,453,550,1,0,41.38119649
206,29,546,112,546,191,546,265,547,340,548,417,550,1,0,36.46085859
207,30,550,109,546,180,543,252,541,319,539,391,538,1,0,34.27351586
208,30,543,107,541,181,541,258,542,326,545,397,548,1,0,31.64531693
209,29,544,107,542,182,539,251,538,317,539,383,538,1,0,31.97025179
210,29,552,116,549,194,547,277,547,356,548,433,550,1,0,40.41696218
211,30,561,112,558,194,557,281,556,361,557,439,556,1,0,40.3951629
212,30,559,113,557,197,557,280,554,363,554,445,556,1,0,42.54116671
213,29,570,120,565,210,563,296,563,378,563,463,563,1,0,43.05161398
214,30,569,119,565,205,561,293,560,374,560,461,563,1,0,42.07697024
215,29,552,120,550,209,547,287,546,367,548,449,546,1,0,38.73218152
216,30,529,110,528,187,527,262,530,336,532,407,536,1,0,32.57184634
217,29,520,113,518,190,520,264,524,338,528,408,532,1,0,32.17861921
218,29,531,136,520,245,508,359,498,473,492,583,487,1,0,56.9308047
219,30,538,148,522,261,509,376,500,483,489,590,482,1,0,55.86354943
220,30,550,139,533,249,523,359,513,460,504,567,496,1,0,54.5245105
221,30,511,144,501,250,494,351,489,458,485,564,483,1,0,51.25475197
222,29,540,132,530,234,523,332,514,431,508,534,504,1,0,49.47973898
223,28,549,167,537,293,527,409,516,520,510,626,507,1,0,53.55363801
224,29,530,157,522,271,514,376,511,481,505,580,504,1,0,50.08813456
225,30,566,144,553,254,544,353,537,450,529,538,527,1,0,44.88604963
226,30,539,152,530,265,525,374,520,473,515,566,514,1,0,48.94249342
227,31,423,89,423,145,426,201,429,257,434,313,439,0,1,28.10617587
228,30,503,97,499,152,496,208,493,266,491,322,491,0,1,28.99791688
229,31,467,90,467,149,467,214,471,268,472,330,475,0,1,30.9801346
230,31,460,98,460,166,463,234,465,301,466,367,471,0,1,33.08916744
231,31,454,101,454,165,459,234,462,301,466,368,470,0,1,33.27250178
232,30,478,95,479,165,481,237,482,306,486,375,492,0,1,34.80140244
233,31,456,103,457,167,461,230,464,294,469,356,475,0,1,29.40047019
234,31,444,115,448,184,454,253,457,324,465,390,474,0,1,31.5607868
235,30,512,102,506,165,502,219,504,278,501,333,501,0,1,27.03766061
236,31,491,101,489,173,488,232,489,293,489,354,493,0,1,28.50384607
237,31,483,106,482,189,482,268,485,349,488,434,492,0,1,41.81560293
238,31,485,114,487,192,488,274,487,355,490,435,497,0,1,38.90731309
239,29,501,113,499,195,499,280,499,366,501,450,505,0,1,42.25149498
240,29,492,122,490,206,491,289,493,367,497,446,502,0,1,39.71469616
241,31,470,120,473,198,476,276,482,351,486,423,492,0,1,36.44259488
242,31,492,111,490,193,492,270,495,347,498,432,503,0,1,39.53407205
243,30,505,99,501,158,500,215,500,273,501,331,500,0,1,27.50995455
244,31,485,110,486,189,485,270,489,345,493,421,498,0,1,36.77084875
245,30,501,124,497,209,498,292,499,366,498,440,504,0,1,35.80768782
246,31,484,121,485,203,486,279,489,348,493,418,496,0,1,33.65190513
247,30,497,138,495,236,495,335,499,433,501,532,506,0,1,49.60997439
248,31,492,139,494,248,494,346,500,450,503,555,508,0,1,49.72710775
249,31,473,131,475,226,481,325,485,418,494,511,500,0,1,46.94063014
250,30,486,136,486,224,487,312,492,398,498,484,502,0,1,42.31171788
251,30,488,134,488,226,492,311,497,399,502,487,508,0,1,43.20927295
252,31,496,115,497,198,497,283,500,365,500,441,507,0,1,36.38980856
253,30,476,121,477,217,479,305,481,397,483,475,487,0,1,42.11860762
254,31,464,116,466,200,472,277,475,350,483,421,491,0,1,34.97964194
255,31,470,112,470,195,474,270,478,347,483,418,490,0,1,34.52569197
256,30,483,139,482,241,484,338,487,439,489,528,494,0,1,47.71276248
257,30,482,129,481,227,481,329,486,425,488,519,493,0,1,49.46219212
258,30,479,141,476,258,479,380,482,498,486,608,492,0,1,55.89394392
259,30,497,146,493,259,491,356,491,466,491,567,493,0,1,53.31570728
260,31,465,149,463,268,463,389,467,503,472,615,477,0,1,57.51737419
261,30,470,151,470,262,473,378,478,497,485,598,491,0,1,55.47097247
262,30,477,153,478,269,479,387,483,493,487,594,493,0,1,52.9370049
263,30,503,157,500,269,499,384,501,490,504,589,508,0,1,52.88983196
264,31,482,149,476,269,474,375,475,471,477,561,478,0,1,48.73400954
265,31,463,103,466,171,470,241,476,306,482,375,490,0,1,32.6018148
266,30,437,99,442,171,448,243,452,318,459,386,470,0,1,32.73466371
267,30,433,94,435,164,440,231,447,294,455,361,465,0,1,30.50633429
268,31,468,105,470,174,473,244,479,314,485,381,491,0,1,33.51432446
269,31,449,102,453,169,458,238,464,302,472,369,482,0,1,31.41335208
270,30,452,103,456,171,460,240,465,305,472,369,479,0,1,32.7645967
271,31,473,101,472,168,474,231,477,291,480,354,487,0,1,29.31255951
272,31,440,101,445,163,450,226,455,283,461,344,469,0,1,28.07138113
273,31,460,104,461,173,465,239,467,298,474,364,479,0,1,28.68891886
274,30,453,93,454,151,453,208,457,264,461,319,465,0,1,25.01952419
275,30,503,110,501,193,501,275,501,356,506,435,509,0,1,39.75894165
276,29,506,112,506,191,506,270,506,343,509,423,514,0,1,38.55529962
277,30,486,115,487,200,489,279,494,358,501,436,507,0,1,38.83415056
278,30,506,114,504,193,505,271,507,356,510,433,515,0,1,40.32408263
279,31,475,110,476,189,479,266,481,341,488,414,494,0,1,36.66404962
280,30,495,108,497,186,500,264,500,336,503,416,508,0,1,37.77648019
281,31,503,111,504,192,504,272,506,344,508,413,511,0,1,35.666463
282,30,492,103,496,181,500,261,504,337,510,402,517,0,1,33.364198
283,31,490,115,491,201,491,274,494,344,498,412,502,0,1,34.34526076
284,30,499,102,500,169,501,234,500,293,504,356,508,0,1,28.92661269
285,31,468,116,470,213,474,304,481,396,489,484,496,0,1,43.21802458
286,30,483,122,482,212,487,306,491,384,496,474,503,0,1,40.90128205
287,31,481,125,479,213,482,299,486,385,490,469,497,0,1,42.09455403
288,31,483,114,484,196,485,281,488,367,494,444,498,0,1,40.47761377
289,30,468,122,469,217,470,312,474,406,481,494,485,0,1,45.58023743
290,30,488,122,487,210,487,301,491,388,493,476,494,0,1,43.61169546
291,30,479,128,481,227,483,312,486,396,492,485,500,0,1,41.29268582
292,30,478,122,479,217,481,304,481,395,487,474,491,0,1,41.19905811
293,31,468,133,472,226,477,317,482,402,488,481,494,0,1,40.13277244
294,31,490,119,490,202,493,284,495,362,498,434,505,0,1,36.99014174
295,30,464,125,469,220,473,298,480,386,487,462,497,0,1,38.95368519
296,33,449,160,450,274,453,394,459,510,467,616,472,0,1,54.90958825
297,29,466,150,465,263,467,375,472,480,476,590,482,0,1,53.55828191
298,29,450,149,446,268,448,388,451,495,454,608,456,0,1,56.1253849
299,31,466,135,467,245,470,344,477,453,481,546,488,0,1,49.6904662
300,30,484,142,483,254,481,370,486,484,488,590,492,0,1,55.61417223
301,31,478,163,473,292,470,413,473,530,471,630,477,0,1,56.32842887
302,30,504,153,501,271,496,384,496,489,497,589,499,0,1,52.83189967
303,31,482,151,478,266,476,372,478,471,481,564,484,0,1,49.13876943
304,31,474,151,473,260,474,366,479,460,482,553,483,0,1,49.36005476
305,31,453,101,458,166,464,233,472,290,481,353,491,0,1,30.30606508
306,30,463,98,465,165,468,230,472,303,478,361,485,0,1,30.92274295
307,31,454,104,459,173,465,233,472,293,481,359,486,0,1,30.2064603
308,30,457,101,462,172,467,244,474,313,478,383,488,0,1,33.1812228
309,30,455,100,457,171,462,237,468,307,474,370,482,0,1,31.62064965
310,30,441,90,446,149,450,207,452,261,458,326,467,0,1,27.68827906
311,31,452,99,454,172,461,243,466,315,476,380,482,0,1,30.92713818
312,31,451,110,454,179,457,252,462,314,469,384,476,0,1,31.15914093
313,31,439,96,442,159,446,227,453,283,459,345,469,0,1,26.66572859
314,30,495,107,496,187,496,269,498,346,502,425,507,0,1,37.78396265
315,30,482,113,480,192,483,264,486,335,490,415,496,0,1,35.46694062
316,31,485,129,484,216,484,304,486,387,492,469,497,0,1,41.06489307
317,30,481,117,481,203,484,286,487,374,494,452,499,0,1,39.29810523
318,31,458,115,459,190,462,267,468,337,474,411,478,0,1,35.46605238
319,31,445,123,451,208,455,289,459,372,466,452,478,0,1,39.85293866
320,29,487,110,484,191,485,272,486,347,488,421,492,0,1,35.19856682
321,30,471,116,472,197,474,279,479,356,481,437,487,0,1,37.55243738
322,30,489,129,489,224,490,311,493,401,496,477,502,0,1,40.421515
323,31,482,123,483,216,482,307,486,397,491,473,493,0,1,40.3041725
324,31,456,118,457,196,460,271,463,342,471,414,477,0,1,33.93518044
325,32,494,139,493,236,489,328,487,418,490,509,492,0,1,47.85741453
326,31,494,137,496,236,495,336,501,431,504,523,511,0,1,48.13199256
327,30,465,134,467,227,471,315,477,406,483,487,489,0,1,43.14500146
328,30,471,136,470,239,472,340,478,435,482,528,486,0,1,48.25441521
329,30,448,138,452,239,456,334,465,438,473,531,483,0,1,47.28882705
330,31,472,130,473,223,476,312,482,400,487,485,491,0,1,42.22349331
331,31,476,115,476,190,479,266,482,340,488,413,494,0,1,35.1575247
332,30,500,132,498,220,498,314,500,399,502,482,505,0,1,42.44237381
333,30,455,108,455,189,458,262,462,336,467,408,474,0,1,32.98945535
334,30,426,114,433,189,442,259,448,331,458,394,466,0,1,32.00073702
335,32,478,140,472,250,471,361,474,466,476,572,481,0,1,52.85688945
336,31,468,150,468,263,469,377,478,485,482,594,489,0,1,54.19645395
337,30,472,152,471,266,469,390,473,495,473,599,479,0,1,53.55221594
338,30,483,159,477,270,475,390,475,495,479,606,479,0,1,54.34412477
339,31,460,141,458,241,455,344,459,444,462,549,468,0,1,49.02430561
340,30,472,152,466,261,462,374,462,485,461,586,462,0,1,53.13271718
341,31,463,161,459,280,458,390,459,498,458,602,463,0,1,55.20300024
342,30,448,162,447,285,444,399,448,503,453,600,456,0,1,52.42983613
343,30,463,169,460,296,459,412,458,512,461,617,462,0,1,54.18848453
344,29,547,85,541,143,539,192,534,249,533,307,532,1,0,27.70917295
345,29,506,97,502,167,501,231,502,299,502,364,505,1,0,32.04009979
346,30,539,100,536,164,535,229,537,297,537,361,538,1,0,32.34857767
347,29,556,100,553,175,551,246,547,318,546,388,546,1,0,35.08555498
348,30,567,97,563,162,559,229,558,297,557,360,555,1,0,32.50693201
349,30,536,99,534,165,533,228,532,294,534,358,535,1,0,32.76440315
350,29,534,97,533,166,531,234,530,298,532,361,533,1,0,28.93928083
351,30,560,102,558,172,556,239,556,303,555,367,556,1,0,29.07834569
352,30,530,105,529,173,526,240,526,303,526,363,528,1,0,27.28180017
353,30,545,99,541,169,539,230,540,295,540,356,541,1,0,27.09196142
354,29,556,98,553,163,552,233,551,300,550,368,549,1,0,34.22988712
355,29,551,92,547,161,543,228,539,292,537,361,535,1,0,35.30124425
356,29,567,104,561,177,556,246,552,317,549,389,545,1,0,34.78193219
357,30,559,95,555,167,553,235,549,307,548,377,548,1,0,36.64044737
358,29,558,110,554,186,552,259,547,328,547,399,547,1,0,35.28262785
359,30,562,106,556,183,553,258,549,333,549,408,547,1,0,37.0494794
360,29,553,100,551,168,545,238,545,302,543,369,542,1,0,29.37558195
361,30,563,106,558,175,555,247,553,315,551,380,548,1,0,30.70905541
362,29,569,112,563,191,558,264,556,333,555,402,554,1,0,31.23348215
363,28,570,103,565,176,562,250,558,318,557,385,557,1,0,30.56260593
364,29,560,112,556,192,556,272,553,355,554,434,553,1,0,39.29473256
365,30,559,116,556,197,555,271,554,351,554,431,554,1,0,38.23778416
366,30,555,113,551,191,549,271,545,352,545,432,544,1,0,38.97675196
367,29,543,111,539,190,537,267,537,346,537,422,537,1,0,39.63646043
368,30,529,103,529,180,528,258,526,332,528,410,530,1,0,37.36542686
369,30,524,103,522,172,521,242,521,303,523,368,526,1,0,29.28027926
370,30,548,102,546,173,544,241,542,306,541,371,543,1,0,30.94124265
371,30,511,115,511,201,511,284,513,361,516,435,519,1,0,34.35463028
372,29,534,113,532,199,529,277,528,353,529,425,531,1,0,32.78980587
373,30,525,145,507,265,491,375,478,482,465,598,455,1,0,55.6210678
374,30,509,145,492,266,478,387,464,513,453,630,442,1,0,60.13483598
375,29,534,150,517,270,502,385,489,496,480,615,470,1,0,58.3580272
376,29,528,150,510,271,494,388,480,506,470,622,456,1,0,58.76959786
377,29,520,157,505,283,494,413,480,538,470,661,461,1,0,62.5426346
378,30,554,149,534,271,516,394,503,515,491,638,479,1,0,62.69341795
379,31,552,170,530,308,511,443,495,569,483,695,474,1,0,62.28240746
380,29,552,160,538,279,526,392,516,499,510,600,503,1,0,51.45558233
381,29,507,177,491,316,476,446,469,565,462,688,458,1,0,57.64217245
382,29,539,105,535,182,532,252,529,320,530,391,532,1,0,33.42660764
383,30,530,104,527,177,526,249,524,319,524,389,524,1,0,34.15807373
384,29,522,105,518,177,515,250,512,322,512,393,512,1,0,34.26923894
385,28,547,109,544,180,542,255,538,328,539,398,539,1,0,34.62076139
386,30,547,113,543,194,541,270,538,348,538,425,539,1,0,37.15641287
387,29,543,113,540,196,537,284,533,366,534,447,533,1,0,39.17689784
388,30,546,106,543,185,539,258,536,329,534,398,534,1,0,32.78029708
389,30,527,120,525,209,526,294,527,378,527,454,531,1,0,34.0131691
390,30,512,119,509,211,509,294,509,374,509,448,513,1,0,34.57657854
391,29,564,101,559,178,554,250,550,327,550,400,547,1,0,36.99948826
392,30,560,100,556,176,551,250,549,328,546,401,545,1,0,38.25994624
393,30,559,105,554,179,550,255,542,335,542,409,540,1,0,37.20312669
394,30,566,108,561,190,557,268,556,348,553,427,552,1,0,38.73632796
395,29,564,116,558,196,555,270,550,347,548,421,548,1,0,37.66488913
396,29,546,99,543,176,542,251,542,325,540,398,540,1,0,37.39151558
397,30,555,101,548,172,547,248,542,320,541,393,538,1,0,35.89859929
398,29,528,105,527,178,528,250,529,320,533,392,534,1,0,30.55929291
399,30,555,118,553,203,548,287,547,367,543,444,544,1,0,35.39345692
400,31,499,105,497,179,493,251,495,321,493,385,496,1,0,28.86577709
401,30,541,117,538,195,538,270,539,347,538,417,540,1,0,31.03393692
402,30,557,119,553,206,550,285,546,374,544,456,545,1,0,40.70937049
403,30,549,117,547,197,546,274,545,350,546,427,548,1,0,37.28527669
404,30,559,119,554,200,551,279,548,358,547,435,545,1,0,38.53741469
405,30,551,111,549,193,545,275,543,357,542,438,543,1,0,41.15667889
406,29,549,107,544,185,539,267,533,348,530,428,530,1,0,41.63510983
407,30,561,114,555,197,552,282,550,358,548,436,548,1,0,36.81791065
408,29,512,123,510,204,507,286,506,357,506,436,506,1,0,32.31465674
409,29,563,134,560,229,556,315,555,402,553,478,555,1,0,37.80730877
410,30,528,147,513,261,502,377,492,489,485,606,477,1,0,55.68119851
411,30,559,137,545,252,531,373,517,490,505,605,496,1,0,58.88532178
412,28,549,149,532,259,519,373,506,479,495,589,487,1,0,53.70862175
413,29,534,147,520,267,506,385,496,502,486,615,480,1,0,56.28806546
414,28,519,145,508,259,495,371,485,488,475,600,469,1,0,56.50290033
415,30,522,159,507,291,496,416,489,539,479,660,474,1,0,56.24867326
416,29,543,162,529,287,515,413,502,537,493,652,487,1,0,55.24639253
417,29,487,173,474,303,466,423,458,538,456,644,453,1,0,52.82282009
418,30,481,176,468,319,459,448,451,570,448,689,451,1,0,57.19371824
419,29,570,99,564,169,562,237,558,305,555,370,555,1,0,32.97509114
420,29,539,103,536,179,533,253,531,327,530,397,532,1,0,35.46609558
421,29,550,103,547,178,545,254,544,324,542,398,542,1,0,35.15036099
422,29,529,105,525,175,523,248,525,322,524,391,525,1,0,34.62299206
423,29,530,105,525,177,523,248,522,319,523,390,522,1,0,34.70168712
424,30,536,102,531,175,527,244,524,313,523,386,522,1,0,34.06648365
425,28,507,103,508,174,503,247,504,316,504,388,505,1,0,30.96576924
426,29,518,111,519,194,519,266,520,340,523,414,525,1,0,32.33873435
427,30,512,111,514,196,512,265,514,338,516,404,517,1,0,30.17569973
428,30,501,112,501,185,502,258,503,326,505,393,510,1,0,29.16512581
429,29,551,109,546,182,543,259,540,333,537,406,536,1,0,36.97796229
430,30,544,114,539,201,535,280,534,362,532,438,532,1,0,39.9882883
431,30,559,99,555,173,548,249,545,319,540,396,538,1,0,37.05568339
432,29,557,107,551,184,547,265,543,343,542,420,542,1,0,38.46432454
433,29,557,109,552,187,548,265,545,339,542,417,542,1,0,38.24994738
434,30,574,117,569,198,564,281,564,364,561,443,560,1,0,42.15051905
435,30,545,110,543,185,543,267,545,341,546,415,548,1,0,35.05845332
436,30,565,108,559,190,555,261,553,332,551,401,548,1,0,31.90140362
437,29,529,110,527,186,524,261,522,331,523,399,523,1,0,30.04751869
438,30,573,119,565,202,559,283,556,367,553,446,552,1,0,40.6034833
439,29,556,115,551,204,549,287,545,370,543,448,543,1,0,41.58502517
440,29,572,113,567,195,563,279,558,363,554,444,552,1,0,41.58428599
441,29,571,117,564,198,559,273,555,353,551,430,547,1,0,38.48175479
442,30,559,123,553,205,547,289,544,372,542,453,539,1,0,41.02244636
443,29,543,107,539,186,539,264,538,340,540,415,541,1,0,33.89004377
444,29,558,110,555,191,552,269,552,345,551,417,552,1,0,34.4450455
445,29,504,112,506,192,510,264,512,341,516,408,519,1,0,32.02694182
446,29,551,118,550,194,549,272,548,347,550,415,551,1,0,32.16150572
447,30,526,158,511,286,501,405,489,525,484,638,476,1,0,57.38398623
448,29,529,154,515,273,506,396,495,516,487,635,480,1,0,59.29143006
449,29,536,157,522,274,516,393,510,514,504,640,499,1,0,59.01440822
450,30,532,164,520,283,511,405,504,530,497,646,493,1,0,58.53794332
451,30,549,155,534,274,520,394,509,510,501,624,493,1,0,56.2220326
452,30,515,145,502,260,493,373,485,486,477,598,471,1,0,57.07261856
453,29,544,167,527,308,511,437,499,566,490,686,483,1,0,58.52795166
454,29,558,169,538,304,520,436,503,559,491,685,480,1,0,59.85607261
455,29,527,180,509,325,494,454,484,578,475,681,467,1,0,55.20840946
456,29,517,165,508,287,501,411,496,522,494,627,492,1,0,53.54585784
457,30,468,154,462,269,459,385,460,507,462,602,463,0,1,57.8211814
458,30,460,154,456,274,453,392,452,503,456,623,457,0,1,57.64441201
459,30,475,149,477,259,475,380,477,484,483,588,486,0,1,55.1458942
460,30,480,142,474,256,468,358,466,468,466,572,466,0,1,55.40303686
461,31,483,145,477,249,472,361,469,462,468,559,465,0,1,55.88886431
462,31,470,147,466,257,463,365,461,473,460,573,462,0,1,54.1621164
463,29,465,154,462,264,461,379,461,489,465,586,469,0,1,53.25708511
464,30,482,150,474,272,471,388,471,492,469,596,470,0,1,55.63045525
465,30,464,158,455,279,448,390,447,490,445,587,446,0,1,55.88766556
466,31,461,176,449,311,442,431,438,544,433,642,430,0,1,59.78544866
467,30,474,156,468,266,468,391,465,491,469,601,466,0,1,56.79686735
468,31,458,164,453,283,450,405,451,520,447,635,448,0,1,60.00295267
469,30,467,163,462,292,460,419,462,534,460,653,459,0,1,63.58651022
470,31,478,171,466,298,457,431,449,550,445,655,441,0,1,64.31258726
471,29,483,140,476,247,472,351,470,456,468,560,468,0,1,54.66571601
472,30,467,157,458,289,451,411,446,524,444,625,440,0,1,60.70871875
473,30,466,159,462,276,463,399,465,518,464,619,466,0,1,57.83857531
474,30,449,156,450,274,449,376,452,479,456,569,465,0,1,53.38120203
475,30,477,167,478,290,482,402,483,503,485,596,491,0,1,57.60108577
476,31,455,154,453,285,456,419,457,526,458,630,461,0,1,59.63695354
477,31,475,155,465,281,456,408,454,518,449,615,441,0,1,62.96629162
478,31,424,156,424,266,425,382,428,499,432,605,438,0,1,56.61318239
479,31,470,159,461,276,458,390,453,507,453,616,450,0,1,59.94128024
480,30,479,141,471,255,471,374,464,478,466,581,462,0,1,57.5083008
481,31,486,143,479,264,472,387,467,492,462,589,458,0,1,59.92207173
482,31,455,149,453,261,454,376,454,486,456,579,460,0,1,54.09260293
483,30,490,152,480,262,477,367,474,481,472,588,472,0,1,54.18889814
484,30,455,156,449,281,445,386,446,488,446,580,445,0,1,55.24168582
485,30,433,156,438,275,440,385,443,478,449,568,455,0,1,56.47667052
486,30,480,150,469,268,458,385,450,500,442,615,439,1,0,56.00053546
487,30,493,163,475,292,462,416,446,542,437,662,428,1,0,62.8185402
488,29,485,140,474,251,467,363,462,471,460,579,460,1,0,55.0590432
489,29,492,143,478,255,465,362,457,469,448,578,440,1,0,54.85542346
490,30,482,154,472,270,466,384,460,503,456,618,453,1,0,58.15368793
491,29,495,138,485,248,474,359,466,467,462,576,456,1,0,53.24590152
492,29,515,160,501,284,489,397,482,509,475,614,468,1,0,53.06715568
493,30,485,155,475,275,469,389,465,499,463,608,462,1,0,52.12454747
494,29,505,164,496,290,485,412,478,531,476,645,472,1,0,54.24863222
495,29,498,137,491,250,490,357,488,455,487,545,488,1,0,45.67401546
496,30,522,141,508,255,493,364,481,472,470,582,461,1,0,57.04119752
497,30,517,134,502,245,488,352,477,461,470,567,463,1,0,55.11704608
498,30,501,149,488,261,479,375,471,494,465,606,462,1,0,55.10162711
499,28,484,138,476,248,471,356,464,466,462,575,458,1,0,55.49979863
500,29,480,130,471,231,463,339,455,443,451,543,447,1,0,50.63840817
501,29,475,142,469,252,463,366,459,477,457,585,456,1,0,56.87336302
502,29,511,140,498,258,491,363,486,466,482,569,479,1,0,49.47964048
503,28,484,150,470,271,461,388,454,510,447,628,443,1,0,58.08232539
504,30,477,152,467,264,460,376,455,489,449,604,447,1,0,57.73652453
505,29,486,144,478,253,472,358,466,465,461,571,459,1,0,53.64288368
506,29,508,137,496,248,485,357,478,466,469,570,465,1,0,55.99762901
507,30,507,148,490,256,476,367,463,475,455,580,445,1,0,54.40291714
508,29,511,143,496,252,484,362,476,471,467,582,460,1,0,56.52715829
509,30,483,160,467,282,458,408,447,531,441,643,434,1,0,56.33101971
510,30,508,161,494,286,483,405,475,516,469,629,463,1,0,52.7048193
511,29,524,152,509,270,497,380,486,486,477,587,471,1,0,50.59067292
512,29,493,147,484,263,472,378,466,482,460,580,454,1,0,49.98322063
513,29,496,138,484,249,475,352,467,461,459,568,454,1,0,54.27682039
514,29,481,141,472,245,466,354,461,456,459,564,457,1,0,52.72060875
515,30,504,137,493,242,482,349,474,459,463,561,459,1,0,54.61516663
516,29,489,131,477,234,468,334,459,433,455,534,452,1,0,51.44265525
517,29,503,159,487,273,479,384,471,502,463,611,459,1,0,56.86776656
